# ZAP baseline rules tweak. One rule per line, tab-separated:
# RULE_ID<TAB>ACTION<TAB>NOTE
#
# Actions: WARN (default), IGNORE, FAIL
# Justifications below — ignore items that don't apply to a JSON API behind cookie auth.

10027	IGNORE	Information disclosure - suspicious comments (false positives in JS bundles)
10054	IGNORE	Cookie without SameSite (handled — sameSite=strict for our auth cookie)
10063	IGNORE	Permissions-Policy header — set by helmet defaults
10096	IGNORE	Timestamp disclosure - we expose uptime in /api/health intentionally
10202	IGNORE	Absence of Anti-CSRF tokens on forms — we use double-submit cookie
40012	WARN	Reflected XSS — keep as warning to catch regressions
90004	IGNORE	Insufficient Site Isolation — handled by helmet COOP/CORP
